cluster,n,admit_rate,avg_events,avg_wait,avg_los,avg_age,avg_deprivation
0,218,0.26146788990825687,5.0,21.76605504587156,84.28440366972477,47.84862385321101,2.7660550458715596
1,333,0.5915915915915916,8.213213213213214,24.69069069069069,185.2072072072072,58.234234234234236,3.1171171171171173
2,257,0.4474708171206226,6.879377431906615,21.591439688715955,130.8715953307393,56.5136186770428,2.8521400778210118
3,191,0.3612565445026178,6.2408376963350785,21.539267015706805,114.17801047120419,52.769633507853406,2.8010471204188483
4,201,0.42786069651741293,6.845771144278607,23.074626865671643,134.34328358208955,56.53233830845771,3.0
