{
  "n_patients": 1200,
  "test_size": 300,
  "models": {
    "logistic_regression": {
      "auroc": 0.7688694159627806,
      "brier": 0.18736891437649789,
      "ece": 0.05147614616368676
    },
    "gradient_boosting": {
      "auroc": 0.7386286643479831,
      "brier": 0.20010051260914416,
      "ece": 0.057906923020563
    }
  }
}