cluster,n,avg_conf,dominant_true_type
0,11,0.840839788057369,3
1,11,0.840839788057369,0
2,19,0.8408397880573691,1
3,20,0.8408397880573691,2
